z,lo95,lo68,median,hi68,hi95,observed,sigma,residual,keff
0.07,0.38263146863,0.408623509937,0.430225314825,0.448597314168,0.46553321903,0.45,0.055,0.359539730463,0.232379
0.17,0.409970154571,0.4270663141,0.444990260031,0.463469770024,0.480447635248,0.51,0.06,1.08349566615,0.116325
0.18,0.39660823522,0.421016909979,0.442201271944,0.460685746059,0.477724035713,0.36,0.09,-0.913347466048,0.232904
0.295,0.419470303188,0.436356161845,0.454158797825,0.472607527343,0.489762161624,0.37784,0.09446,-0.807948314899,0.154996
0.38,0.413949441512,0.435768254066,0.455134558165,0.474162744143,0.492194039848,0.44,0.06,-0.252242636084,0.232904
0.44,0.423850490097,0.441104138736,0.458636433938,0.4769888703,0.494550823721,0.413,0.08,-0.570455424226,0.154919
0.51,0.423593313493,0.440609338033,0.458140299037,0.476318514209,0.493845523635,0.515897,0.061529,0.938690714343,0.154996
0.6,0.42122190769,0.43836482033,0.455696100664,0.473173686178,0.490825395764,0.39,0.063,-1.04279524863,0.154919
0.706,0.416692997723,0.433956337781,0.451139252736,0.468383166667,0.485799154843,0.48384,0.055296,0.591376361111,0.154996
0.73,0.415561758876,0.432839842055,0.450072808033,0.467400744035,0.484723582674,0.437,0.072,-0.181566778243,0.154919
0.919,0.406848025589,0.424544319758,0.441271148698,0.458148893919,0.473809045482,0.422208,0.046179,-0.41280990706,0.154996
0.978,0.402269767335,0.419582249867,0.436328610482,0.452711165854,0.468559357971,0.379,0.176,-0.325730741374,0.232413
1.23,0.383124897748,0.399553332544,0.415519823743,0.431633954034,0.447165695704,0.385,0.099,-0.308281047906,0.232413
1.317,0.374439791298,0.391138018967,0.407002704834,0.423785708876,0.440739682937,0.37468,0.037468,-0.862674944854,0.154996
1.491,0.355667073016,0.371423783566,0.387502271903,0.404294390205,0.422784295182,0.435,0.045,1.05550506883,0.154996
1.526,0.351557476425,0.366880304642,0.382563730759,0.39962580706,0.417161367287,0.342,0.07,-0.579481867992,0.232413
1.944,0.313472367341,0.328539469759,0.345311690418,0.36387549998,0.38733552655,0.364,0.106,0.176304807373,0.232413
