z,kmax,lo68,median,hi68
0.07,0.3,1.2666759315e-06,1.38469122172e-06,1.49838748321e-06
0.17,0.15,4.88800419552e-06,5.13065466162e-06,5.39048755916e-06
0.18,0.3,1.21742210959e-06,1.27682068975e-06,1.34025351319e-06
0.295,0.2,2.68229432655e-06,2.79884042133e-06,2.92098224316e-06
0.38,0.3,1.20152521703e-06,1.24772385649e-06,1.29636329681e-06
0.44,0.2,2.72363592153e-06,2.83128928722e-06,2.94173241457e-06
0.51,0.2,2.73880739859e-06,2.86715902122e-06,2.99267207796e-06
0.6,0.2,2.7497056162e-06,2.90809922213e-06,3.06181626925e-06
0.706,0.2,2.76413250655e-06,2.92693980229e-06,3.0867908178e-06
0.73,0.2,2.76816280867e-06,2.92432583924e-06,3.0797375603e-06
0.919,0.2,2.76593661226e-06,2.89552151477e-06,3.03969322797e-06
0.978,0.3,1.24163140452e-06,1.30208432265e-06,1.36902250526e-06
1.23,0.3,1.4067331749e-06,1.47130546649e-06,1.5408582686e-06
1.317,0.2,3.3052748526e-06,3.47542761736e-06,3.6525905916e-06
1.491,0.2,3.56823320124e-06,3.76823031948e-06,3.95968474459e-06
1.526,0.3,1.60831191768e-06,1.69687649078e-06,1.78119294905e-06
1.944,0.3,1.78862636497e-06,1.87177596239e-06,1.95338630202e-06
