dn,bare,coupled,ceiling
0,1e-10,1e-10,1e-07
0.0075,1.0460278599e-10,1.02273176187e-10,1e-07
0.015,1.09417428369e-10,1.0459797157e-10,1e-07
0.0225,1.14453678433e-10,1.06975555829e-10,1e-07
0.03,1.1972173631e-10,1.09407125033e-10,1e-07
0.0375,1.25232271616e-10,1.11893902232e-10,1e-07
0.045,1.30996445069e-10,1.14437138059e-10,1e-07
0.0525,1.37025931091e-10,1.17038111348e-10,1e-07
0.06,1.4333294145e-10,1.19698129763e-10,1e-07
0.0675,1.49930249998e-10,1.22418530438e-10,1e-07
0.075,1.5683121854e-10,1.25200680643e-10,1e-07
0.0825,1.64049823895e-10,1.28045978448e-10,1e-07
0.09,1.71600686206e-10,1.30955853414e-10,1e-07
0.0975,1.7949909855e-10,1.33931767293e-10,1e-07
0.105,1.8776105791e-10,1.36975214747e-10,1e-07
0.1125,1.96403297578e-10,1.40087724078e-10,1e-07
0.12,2.05443321043e-10,1.43270857979e-10,1e-07
0.1275,2.14899437441e-10,1.46526214297e-10,1e-07
0.135,2.2479079864e-10,1.49855426816e-10,1e-07
0.1425,2.35137438026e-10,1.53260166055e-10,1e-07
0.15,2.4596031108e-10,1.56742140081e-10,1e-07
0.1575,2.57281337818e-10,1.60303095347e-10,1e-07
0.165,2.69123447189e-10,1.63944817539e-10,1e-07
0.1725,2.81510623511e-10,1.67669132449e-10,1e-07
0.18,2.94467955049e-10,1.7147790686e-10,1e-07
0.1875,3.08021684828e-10,1.75373049458e-10,1e-07
0.195,3.22199263781e-10,1.79356511754e-10,1e-07
0.2025,3.37029406352e-10,1.83430289033e-10,1e-07
0.21,3.52542148648e-10,1.87596421322e-10,1e-07
0.2175,3.68768909271e-10,1.91856994378e-10,1e-07
0.225,3.85742552959e-10,1.96214140695e-10,1e-07
0.2325,4.03497457141e-10,2.00670040535e-10,1e-07
0.24,4.22069581564e-10,2.05226922981e-10,1e-07
0.2475,4.41496541127e-10,2.09887067013e-10,1e-07
0.255,4.61817682063e-10,2.14652802603e-10,1e-07
0.2625,4.83074161626e-10,2.19526511837e-10,1e-07
0.27,5.05309031452e-10,2.24510630059e-10,1e-07
0.2775,5.2856732475e-10,2.29607647043e-10,1e-07
0.285,5.52896147512e-10,2.34820108179e-10,1e-07
0.2925,5.78344773919e-10,2.401506157e-10,1e-07
0.3,6.04964746136e-10,2.45601829921e-10,1e-07
0.3075,6.32809978703e-10,2.51176470507e-10,1e-07
0.315,6.61936867732e-10,2.56877317777e-10,1e-07
0.3225,6.92404405128e-10,2.6270721402e-10,1e-07
0.33,7.24274298064e-10,2.68669064851e-10,1e-07
0.3375,7.57611093965e-10,2.74765840588e-10,1e-07
0.345,7.92482311236e-10,2.81000577662e-10,1e-07
0.3525,8.28958576008e-10,2.8737638005e-10,1e-07
0.36,8.67113765181e-10,2.93896420747e-10,1e-07
0.3675,9.07025156054e-10,3.00563943258e-10,1e-07
0.375,9.48773582831e-10,3.07382263129e-10,1e-07
0.3825,9.92443600343e-10,3.14354769503e-10,1e-07
0.39,1.0381236553e-09,3.21484926712e-10,1e-07
0.3975,1.08590626542e-09,3.28776275902e-10,1e-07
0.405,1.13588820682e-09,3.36232436683e-10,1e-07
0.4125,1.18817071002e-09,3.43857108827e-10,1e-07
0.42,1.24285966494e-09,3.51654073982e-10,1e-07
0.4275,1.30006583541e-09,3.59627197439e-10,1e-07
0.435,1.35990508347e-09,3.6778042992e-10,1e-07
0.4425,1.42249860405e-09,3.76117809409e-10,1e-07
0.45,1.48797317042e-09,3.84643463018e-10,1e-07
0.4575,1.55646139095e-09,3.9336160889e-10,1e-07
0.465,1.62810197769e-09,4.02276558138e-10,1e-07
0.4725,1.70304002731e-09,4.11392716826e-10,1e-07
0.48,1.78142731497e-09,4.20714587986e-10,1e-07
0.4875,1.8634226017e-09,4.30246773673e-10,1e-07
0.495,1.949191956e-09,4.39993977064e-10,1e-07
0.5025,2.0389090901e-09,4.49961004598e-10,1e-07
0.51,2.13275571187e-09,4.6015276815e-10,1e-07
0.5175,2.23092189277e-09,4.70574287255e-10,1e-07
0.525,2.33360645288e-09,4.81230691374e-10,1e-07
0.5325,2.44101736352e-09,4.92127222195e-10,1e-07
0.54,2.55337216847e-09,5.03269235989e-10,1e-07
0.5475,2.67089842462e-09,5.14662206002e-10,1e-07
0.555,2.7938341628e-09,5.26311724896e-10,1e-07
0.5625,2.92242836988e-09,5.38223507231e-10,1e-07
0.57,3.05694149307e-09,5.50403392003e-10,1e-07
0.5775,3.19764596741e-09,5.62857345217e-10,1e-07
0.585,3.34482676754e-09,5.75591462514e-10,1e-07
0.5925,3.49878198488e-09,5.88611971847e-10,1e-07
0.6,3.65982343134e-09,6.01925236199e-10,1e-07
0.6075,3.82827727088e-09,6.15537756357e-10,1e-07
0.615,4.00448468009e-09,6.29456173733e-10,1e-07
0.6225,4.18880253918e-09,6.43687273233e-10,1e-07
0.63,4.3816041548e-09,6.5823798618e-10,1e-07
0.6375,4.58328001609e-09,6.73115393287e-10,1e-07
0.645,4.79423858558e-09,6.88326727679e-10,1e-07
0.6525,5.01490712646e-09,7.03879377973e-10,1e-07
0.66,5.24573256792e-09,7.19780891405e-10,1e-07
0.6675,5.48718241035e-09,7.36038977015e-10,1e-07
0.675,5.73974567217e-09,7.52661508878e-10,1e-07
0.6825,6.0039338803e-09,7.69656529397e-10,1e-07
0.69,6.28028210611e-09,7.87032252647e-10,1e-07
0.6975,6.56935004917e-09,8.04797067774e-10,1e-07
0.705,6.87172317085e-09,8.22959542445e-10,1e-07
0.7125,7.18801388002e-09,8.4152842636e-10,1e-07
0.72,7.51886277342e-09,8.60512654814e-10,1e-07
0.7275,7.86493993311e-09,8.79921352319e-10,1e-07
0.735,8.22694628356e-09,8.99763836275e-10,1e-07
0.7425,8.60561501132e-09,9.20049620707e-10,1e-07
0.75,9.00171304992e-09,9.40788420049e-10,1e-07
0.7575,9.41604263322e-09,9.61990152986e-10,1e-07
0.765,9.84944292017e-09,9.83664946357e-10,1e-07
0.7725,1.03027916944e-08,1.00582313911e-09,1e-07
0.78,1.07770071421e-08,1.02847528631e-09,1e-07
0.7875,1.12730497115e-08,1.05163216322e-09,1e-07
0.795,1.17919240582e-08,1.07530476939e-09,1e-07
0.8025,1.23346810801e-08,1.09950433287e-09,1e-07
0.81,1.29024200456e-08,1.12424231444e-09,1e-07
0.8175,1.34962908199e-08,1.14953041186e-09,1e-07
0.825,1.41174961943e-08,1.17538056426e-09,1e-07
0.8325,1.47672943218e-08,1.20180495651e-09,1e-07
0.84,1.54470012655e-08,1.22881602365e-09,1e-07
0.8475,1.61579936643e-08,1.25642645542e-09,1e-07
0.855,1.69017115205e-08,1.28464920078e-09,1e-07
0.8625,1.76796611168e-08,1.31349747255e-09,1e-07
0.87,1.84934180669e-08,1.342984752e-09,1e-07
0.8775,1.93446305065e-08,1.37312479359e-09,1e-07
0.885,2.02350224314e-08,1.4039316297e-09,1e-07
0.8925,2.11663971894e-08,1.43541957541e-09,1e-07
0.9,2.21406411324e-08,1.46760323333e-09,1e-07
0.9075,2.31597274372e-08,1.50049749848e-09,1e-07
0.915,2.42257201013e-08,1.53411756318e-09,1e-07
0.9225,2.53407781241e-08,1.56847892205e-09,1e-07
0.93,2.65071598786e-08,1.60359737691e-09,1e-07
0.9375,2.77272276863e-08,1.63948904188e-09,1e-07
0.945,2.90034526009e-08,1.67617034838e-09,1e-07
0.9525,3.03384194136e-08,1.71365805024e-09,1e-07
0.96,3.17348318879e-08,1.75196922875e-09,1e-07
0.9675,3.31955182357e-08,1.79112129784e-09,1e-07
0.975,3.47234368456e-08,1.83113200921e-09,1e-07
0.9825,3.63216822743e-08,1.87201945747e-09,1e-07
0.99,3.79934915141e-08,1.91380208532e-09,1e-07
0.9975,3.97422505495e-08,1.95649868874e-09,1e-07
1.005,4.15715012142e-08,2.00012842218e-09,1e-07
1.0125,4.3484948365e-08,2.04471080373e-09,1e-07
1.02,4.54864673855e-08,2.09026572029e-09,1e-07
1.0275,4.75801120344e-08,2.13681343278e-09,1e-07
1.035,4.97701226566e-08,2.18437458125e-09,1e-07
1.0425,5.20609347706e-08,2.23297019007e-09,1e-07
1.05,5.44571880525e-08,2.28262167299e-09,1e-07
1.0575,5.69637357324e-08,2.33335083826e-09,1e-07
1.065,5.95856544243e-08,2.38517989363e-09,1e-07
1.0725,6.23282544078e-08,2.43813145141e-09,1e-07
1.08,6.5197090383e-08,2.49222853337e-09,1e-07
1.0875,6.81979727209e-08,2.54749457563e-09,1e-07
1.095,7.13369792315e-08,2.60395343351e-09,1e-07
1.1025,7.46204674728e-08,2.66162938628e-09,1e-07
1.11,7.80550876279e-08,2.7205471418e-09,1e-07
1.1175,8.16477959731e-08,2.78073184112e-09,1e-07
1.125,8.5405868967e-08,2.84220906296e-09,1e-07
1.1325,8.9336917988e-08,2.90500482808e-09,1e-07
1.14,9.34489047496e-08,2.9691456035e-09,1e-07
1.1475,9.77501574256e-08,3.03465830666e-09,1e-07
1.155,1.02249387518e-07,3.10157030939e-09,1e-07
1.1625,1.06955707499e-07,3.16990944173e-09,1e-07
1.17,1.11878649269e-07,3.2397039956e-09,1e-07
1.1775,1.17028183462e-07,3.31098272831e-09,1e-07
1.185,1.22414739636e-07,3.38377486582e-09,1e-07
1.1925,1.28049227401e-07,3.4581101059e-09,1e-07
1.2,1.33943058512e-07,3.53401862097e-09,1e-07
1.2075,1.40108169981e-07,3.61153106081e-09,1e-07
1.215,1.46557048256e-07,3.69067855492e-09,1e-07
1.2225,1.53302754508e-07,3.77149271475e-09,1e-07
1.23,1.60358951084e-07,3.85400563552e-09,1e-07
1.2375,1.67739929182e-07,3.93824989785e-09,1e-07
1.245,1.75460637789e-07,4.02425856907e-09,1e-07
1.2525,1.83536713962e-07,4.11206520414e-09,1e-07
1.26,1.91984514498e-07,4.20170384631e-09,1e-07
1.2675,2.00821149062e-07,4.2932090274e-09,1e-07
1.275,2.10064514836e-07,4.38661576764e-09,1e-07
1.2825,2.19733332772e-07,4.48195957519e-09,1e-07
1.29,2.29847185505e-07,4.57927644522e-09,1e-07
1.2975,2.40426557017e-07,4.67860285852e-09,1e-07
1.305,2.51492874118e-07,4.77997577969e-09,1e-07
1.3125,2.63068549851e-07,4.88343265482e-09,1e-07
1.32,2.75177028878e-07,4.98901140869e-09,1e-07
1.3275,2.87842834968e-07,5.09675044143e-09,1e-07
1.335,3.01091620662e-07,5.20668862462e-09,1e-07
1.3425,3.14950219233e-07,5.31886529685e-09,1e-07
1.35,3.29446699026e-07,5.43332025864e-09,1e-07
1.3575,3.44610420311e-07,5.55009376679e-09,1e-07
1.365,3.60472094742e-07,5.669226528e-09,1e-07
1.3725,3.77063847564e-07,5.79075969193e-09,1e-07
1.38,3.94419282671e-07,5.91473484347e-09,1e-07
1.3875,4.12573550669e-07,6.04119399431e-09,1e-07
1.395,4.31563420066e-07,6.17017957376e-09,1e-07
1.4025,4.51427351739e-07,6.30173441883e-09,1e-07
1.41,4.72205576832e-07,6.43590176342e-09,1e-07
1.4175,4.93940178235e-07,6.57272522675e-09,1e-07
1.425,5.16675175816e-07,6.71224880088e-09,1e-07
1.4325,5.40456615574e-07,6.85451683738e-09,1e-07
1.44,5.65332662899e-07,6.99957403306e-09,1e-07
1.4475,5.91353700121e-07,7.14746541474e-09,1e-07
1.455,6.1857242855e-07,7.29823632306e-09,1e-07
1.4625,6.47043975212e-07,7.45193239531e-09,1e-07
1.47,6.76826004501e-07,7.6085995472e-09,1e-07
1.4775,7.07978834963e-07,7.76828395356e-09,1e-07
1.485,7.40565561464e-07,7.93103202798e-09,1e-07
1.4925,7.74652182975e-07,8.09689040138e-09,1e-07
1.5,8.10307736239e-07,8.2659058993e-09,1e-07
1.5075,8.47604435593e-07,8.4381255182e-09,1e-07
1.515,8.86617819223e-07,8.61359640046e-09,1e-07
1.5225,9.27426902151e-07,8.79236580818e-09,1e-07
1.53,9.70114336267e-07,8.97448109576e-09,1e-07
1.5375,1.01476657772e-06,9.15998968123e-09,1e-07
1.545,1.06147406202e-06,9.34893901623e-09,1e-07
1.5525,1.1103313872e-06,9.54137655482e-09,1e-07
1.56,1.16143750538e-06,9.7373497208e-09,1e-07
1.5675,1.21489592323e-06,9.93690587381e-09,1e-07
1.575,1.27081491152e-06,1.01400922741e-08,1e-07
1.5825,1.32930772448e-06,1.03469560456e-08,1e-07
1.59,1.39049282912e-06,1.05575441384e-08,1e-07
1.5975,1.45449414518e-06,1.07719032888e-08,1e-07
1.605,1.52144129607e-06,1.09900799786e-08,1e-07
1.6125,1.59146987146e-06,1.12121203931e-08,1e-07
1.62,1.66472170181e-06,1.14380703771e-08,1e-07
1.6275,1.74134514566e-06,1.16679753901e-08,1e-07
1.635,1.82149539008e-06,1.19018804597e-08,1e-07
1.6425,1.90533476498e-06,1.21398301339e-08,1e-07
1.65,1.99303307183e-06,1.23818684315e-08,1e-07
1.6575,2.08476792761e-06,1.26280387917e-08,1e-07
1.665,2.18072512447e-06,1.28783840221e-08,1e-07
1.6725,2.28109900603e-06,1.31329462452e-08,1e-07
1.68,2.386092861e-06,1.33917668438e-08,1e-07
1.6875,2.49591933481e-06,1.36548864053e-08,1e-07
1.695,2.61080086036e-06,1.39223446636e-08,1e-07
1.7025,2.73097010844e-06,1.41941804418e-08,1e-07
1.71,2.85667045892e-06,1.44704315916e-08,1e-07
1.7175,2.9881564937e-06,1.47511349329e-08,1e-07
1.725,3.12569451228e-06,1.50363261919e-08,1e-07
1.7325,3.26956307102e-06,1.53260399382e-08,1e-07
1.74,3.42005354732e-06,1.56203095205e-08,1e-07
1.7475,3.57747072972e-06,1.59191670024e-08,1e-07
1.755,3.74213343511e-06,1.62226430961e-08,1e-07
1.7625,3.9143751544e-06,1.65307670966e-08,1e-07
1.77,4.09454472792e-06,1.6843566814e-08,1e-07
1.7775,4.28300705186e-06,1.71610685059e-08,1e-07
1.785,4.48014381722e-06,1.74832968096e-08,1e-07
1.7925,4.68635428283e-06,1.78102746729e-08,1e-07
1.8,4.90205608386e-06,1.81420232854e-08,1e-07
1.8075,5.12768607758e-06,1.84785620093e-08,1e-07
1.815,5.3637012281e-06,1.88199083104e-08,1e-07
1.8225,5.61057953168e-06,1.91660776884e-08,1e-07
1.83,5.86882098479e-06,1.95170836084e-08,1e-07
1.8375,6.13894859659e-06,1.98729374318e-08,1e-07
1.845,6.42150944811e-06,2.02336483483e-08,1e-07
1.8525,6.71707580003e-06,2.05992233077e-08,1e-07
1.86,7.02624625163e-06,2.09696669534e-08,1e-07
1.8675,7.34964695288e-06,2.1344981556e-08,1e-07
1.875,7.68793287247e-06,2.1725166948e-08,1e-07
1.8825,8.04178912405e-06,2.21102204601e-08,1e-07
1.89,8.41193235362e-06,2.25001368585e-08,1e-07
1.8975,8.79911219069e-06,2.28949082839e-08,1e-07
1.905,9.20411276622e-06,2.32945241917e-08,1e-07
1.9125,9.62775430045e-06,2.3698971295e-08,1e-07
1.92,1.00708947638e-05,2.41082335083e-08,1e-07
1.9275,1.0534431614e-05,2.45222918948e-08,1e-07
1.935,1.10193036135e-05,2.49411246151e-08,1e-07
1.9425,1.15264927303e-05,2.53647068788e-08,1e-07
1.95,1.20570261262e-05,2.57930108987e-08,1e-07
1.9575,1.26119782365e-05,2.6226005848e-08,1e-07
1.965,1.31924729457e-05,2.66636578206e-08,1e-07
1.9725,1.37996858629e-05,2.71059297948e-08,1e-07
1.98,1.4434846702e-05,2.75527815997e-08,1e-07
1.9875,1.50992417717e-05,2.80041698864e-08,1e-07
1.995,1.579421658e-05,2.84600481016e-08,1e-07
2.0025,1.65211785576e-05,2.89203664663e-08,1e-07
2.01,1.72815999083e-05,2.93850719578e-08,1e-07
2.0175,1.80770205888e-05,2.98541082963e-08,1e-07
2.025,1.89090514268e-05,3.03274159354e-08,1e-07
2.0325,1.9779377382e-05,3.08049320582e-08,1e-07
2.04,2.06897609572e-05,3.12865905762e-08,1e-07
2.0475,2.16420457663e-05,3.17723221348e-08,1e-07
2.055,2.26381602662e-05,3.22620541227e-08,1e-07
2.0625,2.36801216612e-05,3.27557106858e-08,1e-07
2.07,2.47700399856e-05,3.32532127476e-08,1e-07
2.0775,2.59101223756e-05,3.37544780331e-08,1e-07
2.085,2.71026775362e-05,3.4259421099e-08,1e-07
2.0925,2.83501204148e-05,3.47679533683e-08,1e-07
2.1,2.9654977089e-05,3.52799831711e-08,1e-07
2.1075,3.10198898793e-05,3.57954157898e-08,1e-07
2.115,3.2447622697e-05,3.63141535099e-08,1e-07
2.1225,3.39410666381e-05,3.68360956766e-08,1e-07
2.13,3.55032458341e-05,3.73611387555e-08,1e-07
2.1375,3.71373235721e-05,3.78891763998e-08,1e-07
2.145,3.88466086964e-05,3.8420099522e-08,1e-07
2.1525,4.06345623037e-05,3.89537963706e-08,1e-07
2.16,4.25048047472e-05,3.94901526125e-08,1e-07
2.1675,4.44611229616e-05,4.00290514197e-08,1e-07
2.175,4.65074781254e-05,4.05703735607e-08,1e-07
2.1825,4.86480136754e-05,4.11139974979e-08,1e-07
2.19,5.08870636892e-05,4.16597994875e-08,1e-07
2.1975,5.32291616533e-05,4.22076536856e-08,1e-07
2.205,5.56790496339e-05,4.27574322579e-08,1e-07
2.2125,5.82416878692e-05,4.33090054929e-08,1e-07
2.22,6.09222648026e-05,4.38622419197e-08,1e-07
2.2275,6.37262075762e-05,4.44170084291e-08,1e-07
2.235,6.66591930076e-05,4.4973170398e-08,1e-07
2.2425,6.97271590695e-05,4.55305918175e-08,1e-07
2.25,7.29363168977e-05,4.60891354229e-08,1e-07
2.2575,7.62931633502e-05,4.66486628272e-08,1e-07
2.265,7.98044941425e-05,4.72090346569e-08,1e-07
2.2725,8.34774175872e-05,4.77701106893e-08,1e-07
2.28,8.73193689634e-05,4.83317499925e-08,1e-07
2.2875,9.13381255461e-05,4.88938110658e-08,1e-07
2.295,9.55418223259e-05,4.94561519825e-08,1e-07
2.3025,9.99389684491e-05,5.00186305329e-08,1e-07
2.31,0.000104538464414,5.05811043678e-08,1e-07
2.3175,0.000109349620053,5.1143431143e-08,1e-07
2.325,0.000114382173346,5.17054686629e-08,1e-07
2.3325,0.000119646310087,5.22670750246e-08,1e-07
2.34,0.000125152684462,5.28281087609e-08,1e-07
2.3475,0.000130912440568,5.33884289823e-08,1e-07
2.355,0.000136937234911,5.39478955182e-08,1e-07
2.3625,0.000143239259949,5.45063690561e-08,1e-07
2.37,0.000149831268702,5.50637112793e-08,1e-07
2.3775,0.000156726600496,5.56197850021e-08,1e-07
2.385,0.000163939207885,5.61744543034e-08,1e-07
2.3925,0.000171483684803,5.67275846565e-08,1e-07
2.4,0.000179375296009,5.72790430569e-08,1e-07
2.4075,0.000187630007883,5.78286981466e-08,1e-07
2.415,0.000196264520619,5.83764203349e-08,1e-07
2.4225,0.000205296301907,5.89220819156e-08,1e-07
2.43,0.000214743622144,5.94655571807e-08,1e-07
2.4375,0.000224625591258,6.00067225295e-08,1e-07
2.445,0.000234962197222,6.05454565738e-08,1e-07
2.4525,0.000245774346317,6.10816402387e-08,1e-07
2.46,0.000257083905245,6.16151568585e-08,1e-07
2.4675,0.000268913745159,6.21458922684e-08,1e-07
2.475,0.000281287787702,6.2673734891e-08,1e-07
2.4825,0.000294231053157,6.3198575818e-08,1e-07
2.49,0.000307769710781,6.37203088868e-08,1e-07
2.4975,0.000321931131442,6.42388307517e-08,1e-07
2.505,0.000336743942656,6.47540409507e-08,1e-07
2.5125,0.000352238086123,6.52658419664e-08,1e-07
2.52,0.000368444877895,6.57741392813e-08,1e-07
2.5275,0.000385397071275,6.62788414292e-08,1e-07
2.535,0.000403128922576,6.67798600395e-08,1e-07
2.5425,0.000421676259878,6.72771098777e-08,1e-07
2.55,0.000441076554903,6.77705088798e-08,1e-07
2.5575,0.000461368998156,6.8259978182e-08,1e-07
2.565,0.000482594577474,6.87454421446e-08,1e-07
2.5725,0.000504796160144,6.92268283716e-08,1e-07
2.58,0.00052801857874,6.97040677243e-08,1e-07
2.5875,0.00055230872084,7.01770943312e-08,1e-07
2.595,0.000577715622821,7.06458455918e-08,1e-07
2.6025,0.000604290567876,7.11102621764e-08,1e-07
2.61,0.000632087188478,7.15702880212e-08,1e-07
2.6175,0.000661161573455,7.2025870319e-08,1e-07
2.625,0.000691572379907,7.24769595049e-08,1e-07
2.6325,0.000723380950155,7.29235092388e-08,1e-07
2.64,0.000756651433968,7.33654763829e-08,1e-07
2.6475,0.000791450916273,7.3802820976e-08,1e-07
2.655,0.000827849550612,7.42355062038e-08,1e-07
2.6625,0.000865920698587,7.46634983653e-08,1e-07
2.67,0.000905741075546,7.50867668364e-08,1e-07
2.6775,0.000947390902799,7.55052840298e-08,1e-07
2.685,0.000990954066636,7.5919025352e-08,1e-07
2.6925,0.00103651828444,7.63279691573e-08,1e-07
2.7,0.00108417527822,7.67320966994e-08,1e-07
2.7075,0.00113402095582,7.713139208e-08,1e-07
2.715,0.00118615560027,7.75258421955e-08,1e-07
2.7225,0.00124068406743,7.7915436681e-08,1e-07
2.73,0.00129771599247,7.83001678529e-08,1e-07
2.7375,0.00135736600542,7.86800306493e-08,1e-07
2.745,0.00141975395629,7.90550225684e-08,1e-07
2.7525,0.00148500515002,7.94251436065e-08,1e-07
2.76,0.00155325059186,7.97903961932e-08,1e-07
2.7675,0.00162462724335,8.01507851266e-08,1e-07
2.775,0.00169927828968,8.05063175073e-08,1e-07
2.7825,0.00177735341857,8.08570026707e-08,1e-07
2.79,0.00185900911133,8.12028521198e-08,1e-07
2.7975,0.00194440894657,8.15438794565e-08,1e-07
2.805,0.00203372391702,8.1880100313e-08,1e-07
2.8125,0.00212713276,8.22115322827e-08,1e-07
2.82,0.00222482230219,8.25381948511e-08,1e-07
2.8275,0.00232698781902,8.28601093265e-08,1e-07
2.835,0.00243383340955,8.31772987706e-08,1e-07
2.8425,0.0025455723872,8.34897879301e-08,1e-07
2.85,0.0026624276871,8.37976031676e-08,1e-07
2.8575,0.00278463229057,8.41007723939e-08,1e-07
2.865,0.00291242966749,8.43993249995e-08,1e-07
2.8725,0.00304607423712,8.46932917885e-08,1e-07
2.88,0.00318583184812,8.49827049114e-08,1e-07
2.8875,0.00333198027845,8.52675978001e-08,1e-07
2.895,0.00348480975584,8.55480051025e-08,1e-07
2.9025,0.00364462349955,8.58239626193e-08,1e-07
2.91,0.00381173828422,8.60955072407e-08,1e-07
2.9175,0.0039864850265,8.63626768845e-08,1e-07
2.925,0.00416920939521,8.66255104359e-08,1e-07
2.9325,0.00436027244583,8.68840476874e-08,1e-07
2.94,0.00456005128016,8.71383292807e-08,1e-07
2.9475,0.00476893973175,8.73883966492e-08,1e-07
2.955,0.00498734907812,8.76342919626e-08,1e-07
2.9625,0.00521570878032,8.78760580719e-08,1e-07
2.97,0.00545446725081,8.81137384563e-08,1e-07
2.9775,0.00570409265033,8.83473771714e-08,1e-07
2.985,0.00596507371448,8.85770187982e-08,1e-07
2.9925,0.00623792061091,8.88027083945e-08,1e-07
3,0.00652316582769,8.90244914467e-08,1e-07
