z,lo95,lo68,median,hi68,hi95
0.295,0.700504697616,0.835031226816,0.993834790186,1.17223752632,1.37447909325
0.300945,0.707038563496,0.839165998514,0.995108976678,1.17014781966,1.36768748906
0.30689,0.71306825517,0.843109513684,0.996448900895,1.1674919529,1.36038674347
0.312835,0.719560498766,0.84700854785,0.997538728946,1.16456782424,1.35234315877
0.31878,0.726247152411,0.851353486713,0.998505742273,1.16136567561,1.34376881162
0.324725,0.733212381855,0.855431101155,0.999319865408,1.15784590048,1.33536098536
0.33067,0.740052956609,0.859868915497,1.00018109406,1.15424403619,1.32679422862
0.336615,0.747811651684,0.864293495037,1.00063469639,1.15033800682,1.31782170845
0.34256,0.755055808709,0.868779453286,1.00110476829,1.1462884626,1.30815143536
0.348505,0.762624440606,0.873122452284,1.00151533639,1.14189276747,1.29811213586
0.35445,0.770650585551,0.877336141582,1.00177286404,1.13750082043,1.2879632568
0.360395,0.778384441478,0.881700259847,1.00192531074,1.13307218616,1.27740270114
0.36634,0.786420590074,0.886252270068,1.00205378845,1.12841686594,1.26686787682
0.372285,0.794445860381,0.890594000981,1.00203814279,1.12348059532,1.25601631424
0.37823,0.802825562684,0.895020132904,1.00194882018,1.11834965958,1.2447931272
0.384175,0.811166077798,0.899543306277,1.00183445175,1.1130480222,1.23354553937
0.39012,0.819492685743,0.903945583514,1.00177909835,1.1077027953,1.22196937176
0.396065,0.828048732293,0.908495050419,1.00166910446,1.1023244427,1.21061899385
0.40201,0.836735586617,0.913127237245,1.00147108297,1.09675995395,1.19905375464
0.407955,0.845314052988,0.917778667805,1.00126087223,1.09110072228,1.18744354714
0.4139,0.854041914454,0.922397569161,1.00106036945,1.08560355917,1.17585559124
0.419845,0.862975189939,0.927151783889,1.0008482213,1.07995138978,1.16435104911
0.42579,0.871862670269,0.931886972557,1.00061432342,1.07422460015,1.15271016997
0.431735,0.880617593931,0.936533869483,1.00032030923,1.06854794925,1.14109065413
0.43768,0.889583350858,0.941150397633,1.00012238713,1.06289360811,1.12951014125
0.443625,0.898672500022,0.945804011859,0.999805500955,1.05707728504,1.11771842383
0.44957,0.907648492771,0.950548797271,0.999601283803,1.05138122163,1.10632436424
0.455515,0.916639381918,0.955331580864,0.999343842901,1.04581834431,1.09489762481
0.46146,0.925767096248,0.960131795381,0.999167982903,1.0403360896,1.08374467144
0.467405,0.934946135737,0.964896297854,0.999043945426,1.03494866255,1.07265286194
0.47335,0.943989176337,0.969736902837,0.998952642773,1.0296380269,1.06162628656
0.479295,0.953041326796,0.974593266418,0.998942434012,1.02445910822,1.05102127223
0.48524,0.962151470751,0.979453600449,0.998972158456,1.01939412923,1.04059008192
0.491185,0.97124869261,0.984359900645,0.999085167519,1.01447105524,1.03038004194
0.49713,0.980360228693,0.989260626968,0.99926821604,1.00968598468,1.02046232115
0.503075,0.989454488542,0.994193264561,0.999546430613,1.00511170208,1.01081849127
0.50902,0.998509945036,0.999176158279,0.999928040934,1.00070771006,1.00150233658
0.51,1,1,1,1,1
0.514965,0.992528346797,0.996495583364,1.00041372538,1.00418466688,1.00753237286
0.52091,0.983921214543,0.992488737129,1.00101923769,1.00922601254,1.01651409012
0.526855,0.975693399791,0.988703878693,1.0017586333,1.01429478454,1.02546668191
0.5328,0.967835242077,0.985212455591,1.00260185279,1.01938226252,1.03439216753
0.538745,0.96038229358,0.981931771528,1.00361460268,1.0245527375,1.04334198553
0.54469,0.953339191388,0.97889440716,1.00473522611,1.02975675693,1.05234539115
0.550635,0.946742189122,0.976197111346,1.00601406004,1.03493663111,1.06128786189
0.55658,0.940578316002,0.97377212573,1.00745764522,1.04031115138,1.07020361752
0.562525,0.934995363653,0.971649093762,1.0090155615,1.04564489048,1.07901852891
0.56847,0.929842262483,0.969794857132,1.01079956859,1.05097134817,1.08804846325
0.574415,0.925312284919,0.968259753429,1.01276032294,1.05648940165,1.09705816944
0.58036,0.921137225436,0.967014536941,1.01486739246,1.06203653818,1.10605770719
0.586305,0.917320449016,0.966298446151,1.01722376096,1.06772792571,1.11493308502
0.59225,0.91464605596,0.965825458461,1.01984997275,1.07340940007,1.12383777473
0.598195,0.911913857205,0.965775187762,1.02267898578,1.0793471981,1.13283330746
0.60414,0.909839948156,0.966019212826,1.02564408606,1.08536818212,1.14210697567
0.610085,0.908491105905,0.966532572744,1.02892956122,1.09175549414,1.15159451856
0.61603,0.907391191941,0.967536036072,1.03231971951,1.09813187836,1.16121011153
0.621975,0.906586693017,0.968848383756,1.03612823461,1.10488115731,1.17108134727
0.62792,0.906690347764,0.97058706772,1.04021344149,1.11179846913,1.18153842312
0.633865,0.906625899231,0.97280012695,1.04447375317,1.11876319745,1.19140196316
0.63981,0.906903582831,0.975260715175,1.0490331111,1.12614677309,1.20142132197
0.645755,0.907803246864,0.97799428047,1.05417698711,1.13370765863,1.21215814682
0.6517,0.908765324493,0.980770206165,1.05953902951,1.14152751744,1.22332590512
0.657645,0.910063594523,0.984288796059,1.06534415362,1.15013809544,1.23543672711
0.66359,0.911433995516,0.987834485138,1.07133478941,1.15879027362,1.24761285923
0.669535,0.912230790472,0.99151000478,1.07757955956,1.16794561076,1.26021474342
0.67548,0.912961682218,0.995514465473,1.08400005863,1.17799969237,1.27388508648
0.681425,0.914063815887,0.999446732997,1.09105105902,1.18845034493,1.28839945994
0.68737,0.914159486543,1.00405551922,1.09869914776,1.19949145686,1.30363088136
0.693315,0.914756071373,1.00848596476,1.10669458903,1.21123220227,1.31934258399
0.69926,0.915961967098,1.01299242982,1.11504130336,1.22399421057,1.33656728955
0.705205,0.916234702609,1.01736965583,1.12383714179,1.2376250355,1.35603772351
0.706,0.916375926965,1.01797220273,1.12509988401,1.23936391967,1.35905381272
0.71115,0.91603398637,1.02208859783,1.13309503355,1.25131655126,1.37734968141
0.717095,0.91637901092,1.02597221464,1.14275211111,1.26669993049,1.39830346954
0.72304,0.916192890425,1.03020931521,1.15234498927,1.28223753939,1.42130343349
0.728985,0.914766900801,1.03405285088,1.16241045562,1.29853980348,1.44575257776
0.73493,0.913167562941,1.0377286256,1.17281077009,1.31639169418,1.47227763964
0.740875,0.910598032347,1.04145576341,1.18332789414,1.33448183025,1.50036306051
0.74682,0.909348726265,1.04525434599,1.1941056535,1.35299102952,1.5279268672
0.752765,0.906055060393,1.04842470699,1.204952915,1.37235243363,1.55739042684
0.75871,0.903448468185,1.0519227387,1.21641048466,1.39256901528,1.5885983905
0.764655,0.899747116989,1.05563831678,1.22776385194,1.4127650123,1.61949544463
0.7706,0.895415498332,1.05887580451,1.23876394134,1.43389156345,1.65131299052
0.776545,0.891344654442,1.06183545431,1.25010313527,1.45533690134,1.6847579534
0.78249,0.885910398618,1.06469207323,1.26156745556,1.47678735724,1.71722022546
0.788435,0.881761437895,1.06720330705,1.27267371979,1.49807240188,1.75293781168
0.79438,0.876808078152,1.06984421784,1.28382985404,1.52012886495,1.78888297522
0.800325,0.869931043425,1.07177132477,1.29532579321,1.54223134264,1.82336436736
0.80627,0.864160064295,1.07418542713,1.30642330965,1.56419948712,1.85844044909
0.812215,0.857649792541,1.07621564109,1.31746162013,1.58622711552,1.8941976727
0.81816,0.851547779776,1.07753286866,1.32810882704,1.60846770938,1.93073422884
0.824105,0.844882980717,1.07900675507,1.33915005105,1.63027521645,1.96585617169
0.83005,0.838414212824,1.08071890043,1.34967973964,1.65151263159,2.0020371512
0.835995,0.831933336726,1.08199315477,1.35937237869,1.67306763496,2.03835794395
0.84194,0.826042564845,1.08258819638,1.36903882613,1.6938489543,2.07322360524
0.847885,0.820279634525,1.08359123649,1.37839894667,1.71464914284,2.1070104549
0.85383,0.813376740216,1.0844281889,1.38784142167,1.73416702199,2.13889769045
0.859775,0.805740005848,1.08504412142,1.39697279096,1.75299580692,2.17026265925
0.86572,0.799494941704,1.0854307392,1.40557456947,1.77240110458,2.20039523254
0.871665,0.792315530197,1.08587990086,1.41365944716,1.79064870392,2.23139904711
0.87761,0.785882394961,1.08580755186,1.42150312118,1.80774527547,2.25978765822
0.883555,0.779633921395,1.08574251098,1.42862209939,1.82402603666,2.28747963067
0.8895,0.774419285931,1.08552892504,1.43580501065,1.83992133764,2.31456026108
0.895445,0.768343499978,1.08472370116,1.4419413586,1.85441058614,2.34048518531
0.90139,0.762560186402,1.08433089696,1.44748982734,1.86930372563,2.36409095653
0.907335,0.75793165149,1.08431528729,1.45235068547,1.88192845947,2.38824527509
0.91328,0.753766445573,1.08327133217,1.4566468109,1.89292120868,2.40615612298
0.919225,0.749896087177,1.0819766452,1.4605545552,1.9029559544,2.4244630078
0.92517,0.745833319387,1.08072160698,1.46363825274,1.91201492911,2.44107411854
0.931115,0.741651940796,1.07904132399,1.46643694314,1.9203605421,2.4549925153
0.934,0.738954640857,1.07828586187,1.46774109482,1.92352108938,2.46038650046
0.93706,0.737725983578,1.07749101171,1.46867530579,1.92638119303,2.46647391481
0.943005,0.735411292778,1.07665710129,1.46910517206,1.93121482289,2.47709080384
0.94895,0.732207142396,1.07465588137,1.46907007863,1.93469829204,2.48522875686
0.954895,0.728403560591,1.0723134246,1.46834081102,1.93691007952,2.49184428752
0.96084,0.724856511992,1.06999869793,1.46710623099,1.93870901659,2.49608203696
0.966785,0.722230412856,1.06723834513,1.46525335788,1.93809397593,2.49705079882
0.97273,0.719954904243,1.06436881689,1.46297256651,1.93598090595,2.49797969559
0.978675,0.7163456204,1.06058969986,1.45999282691,1.93312072832,2.49552816235
0.98462,0.713856378301,1.05750197216,1.4561357175,1.93055436834,2.49052359484
0.990565,0.712699530644,1.0540876873,1.45188624993,1.92589062297,2.48591828968
0.99651,0.709915580541,1.05017587208,1.44684461134,1.92069185958,2.47837420461
1.002455,0.709054993236,1.04608857356,1.44179975552,1.91375924381,2.47088470283
1.0084,0.707634228012,1.04208045752,1.4361192984,1.90605466405,2.46274971164
1.014345,0.706413527222,1.03749656115,1.43021166857,1.89660515542,2.45274327603
1.02029,0.704884034486,1.03349709685,1.42258914911,1.88675808207,2.44062977183
1.026235,0.702765552259,1.02883935756,1.41439305206,1.87604020176,2.42867920453
1.03218,0.702412075081,1.02406795064,1.40655874211,1.8656050389,2.41389524633
1.038125,0.701563437758,1.01834273291,1.39836852908,1.85342226019,2.39848994847
1.04407,0.699968544257,1.01240525372,1.38960130872,1.84155095396,2.38031663376
1.050015,0.698363628973,1.00634328169,1.38083232316,1.82680809559,2.36329938756
1.05596,0.697245539111,1.00010033101,1.37034237649,1.81194904621,2.34374071663
1.061905,0.694531954606,0.994072615384,1.35917760045,1.79670968089,2.32300302701
1.06785,0.693058748592,0.987153154568,1.34811063289,1.78160154292,2.3020104006
1.073795,0.690563703886,0.979868511068,1.33703789002,1.7658453106,2.27984411488
1.07974,0.686645264912,0.972672120208,1.32585381071,1.75011217702,2.25588763201
1.085685,0.68249240861,0.96479039375,1.31421870171,1.73350041573,2.23341531974
1.09163,0.678719003862,0.956775366152,1.30238937119,1.71608519784,2.2085055829
1.097575,0.674493872787,0.949138439104,1.28957716951,1.69845303728,2.18313791458
1.10352,0.669061249844,0.940959232837,1.27675209084,1.68037971034,2.15720597025
1.109465,0.663686625846,0.931620857937,1.26348037341,1.66199921176,2.13081980139
1.11541,0.656608087946,0.921600761164,1.25022695578,1.64328997105,2.1049872421
1.121355,0.647892317694,0.911883359837,1.23763331673,1.62480680065,2.08081485415
1.1273,0.641241734585,0.90279201493,1.22379703944,1.60668621798,2.05520037767
1.133245,0.63218522894,0.893044844525,1.2099008302,1.58831273793,2.02705438414
1.13919,0.623935797361,0.881553592953,1.1954870388,1.56980898104,1.99897507742
1.145135,0.613620227967,0.870094160435,1.18115196547,1.55082516195,1.97420132626
1.15108,0.603324837358,0.856790172207,1.16697141454,1.53267496801,1.95018646407
1.157025,0.592275755975,0.842427933552,1.15289303038,1.51368053566,1.92507915018
1.16297,0.581129678984,0.83010835901,1.13861370105,1.49624785902,1.9018248823
1.168915,0.56921042614,0.816462396639,1.12386747069,1.47794534016,1.87638036334
1.17486,0.556877130294,0.802839801551,1.10873996226,1.46018381518,1.85295597509
1.180805,0.543926809299,0.787937411358,1.09400276408,1.4428232048,1.82872341869
1.18675,0.529032003183,0.773325159835,1.078920879,1.42522153175,1.80574680415
1.192695,0.514535366216,0.757423708663,1.06361850597,1.40753337256,1.78180480644
1.19864,0.499118332148,0.741377975751,1.04840553495,1.39142165964,1.75788971102
1.204585,0.484030681312,0.724970318492,1.03251728962,1.37401990113,1.73791107678
1.21053,0.468478099842,0.708519843789,1.01694357631,1.35800936667,1.71931339846
1.216475,0.452348092104,0.692153244084,1.00144269812,1.34274555038,1.70177034511
1.22242,0.435943630749,0.674972137533,0.985383000264,1.32664095145,1.68318528577
1.228365,0.419899031402,0.656673517085,0.969573360506,1.3117710358,1.66660144821
1.23431,0.403534078656,0.63807161216,0.953593679138,1.29615260484,1.65537490726
1.240255,0.386851740015,0.620541468338,0.937112149503,1.28226997383,1.6431671238
1.2462,0.370924823886,0.602149812251,0.919021103799,1.26956112236,1.6307319021
1.252145,0.354039942469,0.584022467865,0.90172748357,1.25513137604,1.61732841541
1.25809,0.339003752088,0.565833296298,0.884952842583,1.24170145354,1.60593505797
1.264035,0.323003109258,0.54756313447,0.867945144725,1.22781084751,1.59456787138
1.26998,0.305931732673,0.529671397041,0.850896515824,1.2152631843,1.58490940276
1.275925,0.289701877159,0.511264688549,0.834098822371,1.20323243315,1.57390517525
1.28187,0.274816146242,0.49311476895,0.817738913673,1.19153351247,1.56524945224
1.287815,0.258411623827,0.475777574268,0.801115334374,1.17987798831,1.55713624667
1.29376,0.242973034223,0.457941799411,0.785433789261,1.16968039594,1.55061823358
1.299705,0.228596235597,0.440209905304,0.76910089526,1.15837935682,1.54285072399
1.30565,0.213907884307,0.423717191757,0.753249749299,1.14792638238,1.53502730804
1.311595,0.199004452535,0.407330355237,0.73706263699,1.13673229726,1.52748459954
1.31754,0.185006989381,0.390981703654,0.722006380451,1.12660343088,1.52150895255
1.321,0.177206779007,0.382325090394,0.71321627221,1.1213093753,1.51738533551
1.323485,0.17199736857,0.375946508895,0.706836735784,1.11711588644,1.51436301786
1.32943,0.158375510023,0.360597894532,0.69258677071,1.10803635578,1.50687873371
1.335375,0.145914766737,0.345859916482,0.678572343239,1.09838513039,1.49940289039
1.34132,0.134501354729,0.331617568046,0.664882132631,1.08885891043,1.49325396384
1.347265,0.123842258114,0.317922621005,0.651092686581,1.08005958006,1.48660268096
1.35321,0.115301138393,0.304736790639,0.638314063451,1.06989858841,1.48031898367
1.359155,0.106563792763,0.291309480046,0.625729443408,1.0610205246,1.47493189523
1.3651,0.0973667463018,0.279432535588,0.613737353465,1.05179694414,1.46975931956
1.371045,0.0896000048009,0.267863822273,0.602149246833,1.04240539624,1.46432980236
1.37699,0.0828840162262,0.257642907634,0.590741105052,1.03352421478,1.45703820664
1.382935,0.0762685349301,0.248053795523,0.580537956981,1.02471917333,1.44895165596
1.38888,0.069978905679,0.239258343509,0.570066651895,1.01587487881,1.44115215432
1.394825,0.0652674715006,0.230157221708,0.560399200907,1.00764216114,1.43357572981
1.40077,0.0609749092798,0.221771492512,0.550298462674,0.999246625909,1.42647775298
1.406715,0.0569394763972,0.214707232945,0.541752563157,0.991242820555,1.4198123402
1.41266,0.0539575989744,0.208179094264,0.533324713559,0.983846842885,1.41301599422
1.418605,0.0508920963322,0.202064509568,0.524875756069,0.975788450941,1.40609739223
1.42455,0.0488069925552,0.196788355378,0.517216628509,0.969189644589,1.39833151222
1.430495,0.0474123401509,0.192244087177,0.510283918348,0.961410280461,1.39178398353
1.43644,0.0463339369508,0.188105785338,0.504346703237,0.953320676802,1.38517298321
1.442385,0.0448930370553,0.184455602979,0.498328518468,0.945750324421,1.37644913875
1.44833,0.0446624090085,0.181234446496,0.492847627541,0.938618340151,1.36864091852
1.454275,0.044890840951,0.178876859825,0.488076259901,0.930985228393,1.36101234989
1.46022,0.0450756504941,0.177642978341,0.482987221544,0.923989608328,1.35318319551
1.466165,0.0457497356422,0.176453092228,0.478570310711,0.917314265612,1.34570177329
1.47211,0.0459417278059,0.175841336715,0.475102735468,0.910510602574,1.33776054186
1.478055,0.0465697459817,0.176230124727,0.471703758793,0.903610848113,1.33061362773
1.484,0.0474181944876,0.17678004903,0.468603474072,0.897304682052,1.32434710854
