u,density
-12,0.16875
-11.9333333333,0.165375
-11.8666666667,0.159
-11.8,0.16875
-11.7333333333,0.168375
-11.6666666667,0.174
-11.6,0.16275
-11.5333333333,0.174
-11.4666666667,0.179625
-11.4,0.169125
-11.3333333333,0.16125
-11.2666666667,0.15375
-11.2,0.165375
-11.1333333333,0.18675
-11.0666666667,0.157875
-11,0.165375
-10.9333333333,0.16425
-10.8666666667,0.176625
-10.8,0.175125
-10.7333333333,0.168
-10.6666666667,0.1845
-10.6,0.16725
-10.5333333333,0.166125
-10.4666666667,0.18
-10.4,0.15825
-10.3333333333,0.17475
-10.2666666667,0.17025
-10.2,0.17475
-10.1333333333,0.179625
-10.0666666667,0.170625
-10,0.17325
-9.93333333333,0.169125
-9.86666666667,0.17475
-9.8,0.17025
-9.73333333333,0.160125
-9.66666666667,0.164625
-9.6,0.1755
-9.53333333333,0.157875
-9.46666666667,0.170625
-9.4,0.162375
-9.33333333333,0.166125
-9.26666666667,0.1725
-9.2,0.167625
-9.13333333333,0.179625
-9.06666666667,0.157125
-9,0.174375
-8.93333333333,0.1845
-8.86666666667,0.18225
-8.8,0.190125
-8.73333333333,0.192
-8.66666666667,0.1755
-8.6,0.16425
-8.53333333333,0.170625
-8.46666666667,0.174
-8.4,0.158625
-8.33333333333,0.184125
-8.26666666667,0.161625
-8.2,0.172875
-8.13333333333,0.186
-8.06666666667,0.199875
-8,0.18075
-7.93333333333,0.178875
-7.86666666667,0.199875
-7.8,0.19125
-7.73333333333,0.1785
-7.66666666667,0.177375
-7.6,0.19425
-7.53333333333,0.188625
-7.46666666667,0.19875
-7.4,0.182625
-7.33333333333,0.193125
-7.26666666667,0.18075
-7.2,0.200625
-7.13333333333,0.196875
-7.06666666667,0.189375
-7,0.212625
-6.93333333333,0.186
-6.86666666667,0.189375
-6.8,0.19425
-6.73333333333,0.19425
-6.66666666667,0.192375
-6.6,0.162375
-6.53333333333,0.157125
-6.46666666667,0.142125
-6.4,0.10275
-6.33333333333,0.0795
-6.26666666667,0.042375
-6.2,0.024
-6.13333333333,0.006375
-6.06666666667,0.000375
-6,0
-5.93333333333,0
-5.86666666667,0
-5.8,0
