z,lo95,lo68,median,hi68,hi95,observed,sigma,residual
0.05,36.4953568212,36.5846407218,36.6725569208,36.7651548073,36.8512587357,36.630361,0.0927601429978,-0.454892796044
0.1,38.0614502994,38.1489199939,38.2368660553,38.3284671166,38.4151130997,38.235499,0.0887001530236,-0.0154120968153
0.15,39.0008644692,39.0878905017,39.1758955579,39.2662248512,39.3528488849,39.147691,0.0923247545627,-0.305492909273
0.2,39.6818193207,39.7680090338,39.8571140071,39.9481992021,40.0355654988,39.83488,0.0907707180383,-0.24494691248
0.25,40.2190475135,40.3068292327,40.3960516453,40.487958772,40.5737407172,40.340319,0.091640572615,-0.608165616541
0.3,40.6663133486,40.7546741298,40.8437253657,40.9357065771,41.0215728019,40.813875,0.0915400383274,-0.326090815
0.35,41.0506244151,41.1390148426,41.2276781288,41.3202049783,41.4069661611,41.202487,0.0919228515289,-0.274046424803
0.4,41.3874666929,41.475526395,41.5642135428,41.657545779,41.7457136407,41.568946,0.0926911509582,0.0510561919486
0.45,41.6880667902,41.7754729661,41.8642436971,41.9571739856,42.0462483537,41.82265,0.0933238125288,-0.445692218898
0.5,41.9578731423,42.0461259164,42.1344239612,42.2281756381,42.3169453797,42.136311,0.0936016522197,0.0201603150545
0.55,42.20309001,42.2927085579,42.3808856821,42.4742278665,42.5633653675,42.352181,0.0943396707337,-0.304269475279
0.6,42.4288213321,42.51933394,42.6075138264,42.7007413751,42.7895517654,42.599505,0.0950959821185,-0.0842183462846
0.65,42.6382143986,42.7283152793,42.8170362171,42.9102812245,42.9988287736,42.793121,0.0965143783771,-0.24778916362
0.7,42.8330759401,42.922378928,43.011847903,43.1051855107,43.1935160507,42.945322,0.0978165632722,-0.680108774465
0.75,43.0157500569,43.1046305572,43.1937267154,43.2876178478,43.375313756,43.125351,0.0975082899777,-0.701229766196
0.8,43.1866443426,43.275731761,43.3646906497,43.4583988474,43.5464168613,43.319655,0.0981433330537,-0.458876301761
0.898138,43.4950652978,43.5837105324,43.6734417254,43.7670512944,43.8564540678,43.647594,0.104746867181,-0.246763708922
0.996276,43.7739118072,43.8622525606,43.9520830511,44.0453402231,44.1361474768,44.011256,0.10506177802,0.563220516476
1.094415,44.0273458417,44.1163314953,44.2054905253,44.2992521145,44.3892089452,44.191092,0.122753616101,-0.117296139688
1.232244,44.3486051295,44.4367737568,44.5261763204,44.6204755988,44.7093491698,44.577985,0.117788720557,0.439844149473
1.390961,44.6746442584,44.7643548225,44.8531826034,44.9476202036,45.0368258221,44.842358,0.111922617593,-0.0967150666503
2.26226,45.9732071441,46.0600930439,46.1493304922,46.2443460433,46.3318062747,45.997159,0.339879844028,-0.447721437187
